,Country,1989,1990,1991,1992,1993,1994,1995,1996,1997,1998,1999,2000,2001,2002,2003,2004,2005,2006,2007,2008,2009,2010,2011,2012,2013,2014,2015,2016,2017,2018,2019,2020,2021,2022,Average,Cont.
0,Canada,29335066.0,32389653.0,34001591.0,47759774.0,59430770.0,79671476.0,95173570.0,117102665.0,152687680.0,205063498.0,250040068.0,272652543.0,261994552.0,263035083.0,255108883.0,235362288.0,183239884.0,130783169.0,89285328.0,48649279.0,38383267.0,40065054.9815429,39566079.0552954,35142083.1345067,33604619.8081452,34514140.5043007,37248309.9698988,35103578.9817092,33436053.4668141,35566270.4726408,34216303.3107566,33988265.2041541,35179154.1473128,29866480.0708491,98195484.70905666,N. America
1,Mexico,79435971.0,89710907.0,120719891.0,145675468.0,171115330.0,217904364.0,395728590.0,535223654.0,808020999.0,1087002952.0,1301715427.0,1416516607.0,1273218536.0,1254264600.0,1158348601.0,1146793300.0,1014484222.0,887176964.0,761314736.0,702448850.0,606024628.0,628563585.779707,581538460.103395,525362468.796756,533802296.555727,528848769.919618,505105360.355656,467191539.686415,459274307.437762,467188677.810208,429867956.012404,294640108.310184,399583607.284645,369726079.785363,628339347.4952307,N. America
2,Guatemala,24161526.0,31622954.0,44536983.0,54625777.0,67589565.0,71041993.0,73875320.0,74652347.0,85918706.0,106114782.0,132554023.0,150651386.0,170421010.0,197556237.0,220473974.0,259703925.0,242808971.0,207532515.0,176196646.0,155535291.0,120311952.0,117633121.752181,106356450.673633,97774876.9071954,99396507.3348055,96571584.758901,100171410.867148,88477100.0229015,83977467.5247419,96746862.2054209,98768687.7871026,85905388.0924199,118667726.933326,138281218.802229,117547479.01947077,N. America
3,El Salvador,11502147.0,14261959.0,17791834.0,28055841.0,40992443.0,63318985.0,85500914.0,97316707.0,134519687.0,168990073.0,215439073.0,263241964.0,258973660.0,274465875.0,319246738.0,323312616.0,310340136.0,244561064.0,263194584.0,279668016.0,214039581.0,284013730.859589,258273283.331358,245880344.370302,231319363.156652,229127192.64345,229512705.883402,218592822.402673,207606271.29786,176527778.968182,167605291.955822,123778631.074186,165957578.655691,146995281.091454,185703652.13795945,N. America
4,Honduras,10141514.0,16429065.0,28565328.0,48995720.0,68058749.0,88592819.0,122087084.0,183818266.0,263310692.0,324612607.0,408513944.0,454554017.0,445902055.0,470108834.0,525207851.0,560450600.0,553075763.0,531549770.0,514356077.0,518807982.0,379460356.0,429508038.350537,412000913.636806,349589387.984634,331688422.097361,342844126.839718,373303220.478294,344628186.240858,326872990.085891,305516038.542435,314675383.269566,211410671.479975,298892323.771742,319954671.053776,319925984.3185763,N. America
5,Costa Rica,33477803.0,36937282.0,42953761.0,61670375.0,70886175.0,78292560.0,86929601.0,85062603.0,99733240.0,101180085.0,111489737.0,118369433.0,108510311.0,117642767.0,109970779.0,109941376.0,99334097.0,91983662.0,77204652.0,42442946.0,20498800.0,14140727.5836529,9611749.47992256,9902423.15992813,5828711.56266892,4231567.91680751,163385.005122637,538872.083639341,728106.217050631,692168.190443667,1004158.57948621,682755.087450643,703600.17096256,875959.572527953,51576947.92969599,N. America
6,Panama,6377044.0,10041939.0,10463732.0,6061947.0,5430619.0,5261459.0,3649805.0,2020069.0,1237921.0,1235088.0,728408.0,219296.0,269671.0,255111.0,250864.0,140611.0,328064.0,302882.0,253888.0,234128.0,264650.0,118784.370871089,178231.439820168,87613.6853678688,132085.069024961,128101.534667152,57305.6389113138,62161.5881355881,60160.315152815,101011.768068884,117287.622130581,46493.6721741198,55609.8344095014,90459.8631725166,1654779.4824090167,N. America
7,Bahamas,3945.0,674.0,3158.0,2851.0,156.0,124.0,1374.0,829.0,5994.0,33133.0,223.0,276.0,1114.0,12758.0,1379.0,1127.0,1596.0,2333.0,1770.0,975.0,620.0,5571.6216900876,1086.8197825926,911.0461523814,5480.3944317276,1025.7264000396,979.1868296196,544.4003177298,80.1861080683041,16302.8769953994,728.2942321536,295.2482693328,27144.8076320442,182.2812334308,4021.82029631198,N. America
8,Jamaica,27293928.0,28132502.0,38000385.0,48259899.0,56388759.0,70776937.0,84521412.0,85059393.0,85952846.0,74751731.0,52190401.0,34093787.0,25967203.0,22693244.0,17126848.0,13270638.0,7936431.0,6235487.0,4311274.0,2370274.0,120912.0,27025.366503177,32143.3748708814,14502.3659558568,16578.0471107916,4124.1539674566,1323.3642591582,650.051535987,1119.4258819706,5415.6147007284,591.0013971036,400.3639849062,866.4821437356,112.8764259378,23104680.690845225,N. America
9,Haiti,13455641.0,13653448.0,12064179.0,3109756.0,7587125.0,3036989.0,7011232.0,11602040.0,20343567.0,34964599.0,46703077.0,49266827.0,40620312.0,41396365.0,64385247.0,88760977.0,122763465.0,134543424.0,134576011.0,149593833.0,152776815.0,134560382.161293,153954946.617706,145491246.72582,145703568.832418,152043277.897363,162011747.019329,139981884.201236,122796772.631673,137801541.627702,131151671.902389,97738111.2576848,121522250.292226,108570143.45196,85457131.57702352,N. America
10,Dominican Republic,53359901.0,60720137.0,78570365.0,101674374.0,127123650.0,141835973.0,156428130.0,145009871.0,193671245.0,233101742.0,254528849.0,253419146.0,222395720.0,218917137.0,207003298.0,208670877.0,195576414.0,172292284.0,107750187.0,89928068.0,58253755.0,70711977.8108269,70749982.0639355,68686612.0336893,72033821.0836303,85574086.1606607,96384417.8794111,99985815.5449979,95046261.8438406,109521684.231751,99097146.9725513,78808444.9077361,100461577.485416,110460325.425843,130522155.18953794,N. America
11,Barbados,119613.0,138781.0,153106.0,119547.0,102136.0,33407.0,14396.0,15625.0,18601.0,18134.0,59499.0,123925.0,244920.0,3215.0,2186.0,470.0,2828.0,5951.0,14504.0,6803.0,310.0,41916.1251260178,1308.8920180392,20908.676935818,284.270574546,749.278265274,7394.6500773516,3562.54213584571,0.4638524688,3105.8150352768,25.7856998364,720.9638640036,2644.2606644496,1561.2597280854,37709.99952873568,N. America
12,Trinidad and Tobago,176052.0,188928.0,150619.0,137103.0,322093.0,632188.0,723185.0,431209.0,419713.0,511709.0,328150.0,309539.0,276020.0,170428.0,82100.0,93536.0,108006.0,40463.0,27478.0,18482.0,8174.0,229.318166574,1366.1385556644,337.1244028362,409.2320769012,677.2164473466,174.9651953238,3181.043572245,279.7557291522,393.0192867132,341.4734606556,13288.574055645,1753.9760988288,2675.7781610238,152361.25338849734,N. America
13,Colombia,24681035.0,24792353.0,33423322.0,35012009.0,35327103.0,33918001.0,29314865.0,28437588.0,26724994.0,30323018.0,40057975.0,42758432.0,39411129.0,43333217.0,66636607.0,71537015.0,65211922.0,57539905.0,39449697.0,30390862.0,21249871.0,27600257.7169483,20006993.8637769,18881710.8643562,21366534.2148555,18838978.0436241,21765125.6459747,20329763.545853,21343886.28277,23891803.2680136,23981308.5752753,11942917.5752842,20017355.2622156,19872106.1388311,32040284.146993488,S. America
14,Venezuela,4599013.0,3949014.0,2745377.0,2229517.0,1999897.0,362159.0,3203701.0,215555.0,180343.0,170114.0,123149.0,48643.0,91578.0,318393.0,182673.0,61767.0,22068.0,72765.0,19016.0,7351.0,12641.0,3593.4569186922,900.5204051046,998.7100802028,3123.9176274432,858.5296312572,1401.437419893,1255.8984167142,16819.3209741564,24243.5125136988,7165.7946609354,16148.9006833644,1244.7176762412,1404.6213349854,608643.9217159613,S. America
15,Ecuador,239339.0,215024.0,423082.0,874223.0,1991254.0,4223584.0,2428576.0,2578269.0,3338087.0,2404124.0,3085096.0,3842285.0,4358285.0,2539336.0,2020186.0,2255465.0,1756801.0,1184303.0,1736182.0,261817.0,150438.0,161931.669137167,102819.751233772,95580.8715898386,86337.9817294176,110671.40909,79404.965168823,118244.521932087,194529.963104772,155138.299727456,149421.053053932,195249.927636893,294315.298655553,209749.614315633,1289975.0390110398,S. America
16,Peru,24135858.0,19201304.0,19491204.0,15080320.0,17755442.0,20671253.0,19403345.0,19007405.0,23619917.0,25411176.0,35583715.0,44458619.0,40370669.0,42680801.0,46121191.0,59909165.0,62469918.0,58032881.0,52932793.0,46434222.0,35096231.0,38298133.7660584,33976284.2227123,29568098.4992539,28216164.0475577,26754586.1859164,25305651.0115462,23918068.8871452,24530225.6207306,25122066.8535682,25323373.5043927,20322238.7334528,29935717.6388036,33138152.1761638,32125770.298450056,S. America
17,Bolivia,657161.0,598001.0,477635.0,416631.0,602112.0,779196.0,839286.0,1334900.0,1296309.0,1923740.0,1835387.0,2433603.0,2553438.0,2445532.0,3115605.0,4016928.0,2967565.0,3101667.0,2388209.0,1683140.0,832058.0,507853.721886223,900644.858882509,398446.596933638,39119.5837243134,17378.505014409,18559.200247308,6422.1968247066,6429.7046649276,8391.5413444044,5345.5754030238,5640.4685077524,29933.8202496186,13098.605084838,1125157.864081402,S. America
18,Chile,7287757.0,9126942.0,5253483.0,4919146.0,5647165.0,5317788.0,5516642.0,5628110.0,2183474.0,291956.0,245452.0,589203.0,281511.0,552502.0,268768.0,1510643.0,1048002.0,792858.0,253275.0,120305.0,664758.0,1028326.75124768,134736.097658488,85379.1327582102,67449.811535127,84503.132599914,96528.3819696378,118501.293858435,149437.211600956,105082.657707434,97870.91982633,120757.559590168,112739.030367365,122235.320141852,1759508.4500253412,S. America
19,Brazil,81806809.0,51565303.0,64668171.0,113067911.0,84621115.0,91006384.0,63459623.0,44041917.0,33123195.0,25178085.0,33973056.0,60455788.0,56803668.0,87136040.0,106682053.0,99273066.0,108722567.0,100309633.0,84912982.0,62392823.0,43049712.0,33025664.0454487,3740005.66608431,2271154.21258478,2159234.21009306,2579626.90323672,2852856.30112589,3254404.01529621,3745647.05505918,3105701.92560185,2522663.73207058,2069050.5058089,2223823.27215397,2122469.25503841,45938888.29704713,S. America
20,Paraguay,4205567.0,2675694.0,367542.0,1433317.0,1152887.0,670169.0,38240.0,12779.0,18061.0,30015.0,54800.0,26119.0,5303.0,206961.0,714790.0,206628.0,256629.0,51084.0,71620.0,11003.0,1397.0,11216.315355903,4197.2054401998,7937.0375751954,13946.6517384852,737.3228206302,1280.0579873634,5679.04423334713,1180.00706611612,4869.6722499096,25124.2892060202,28589.139059418,314039.060711964,576830.21211013,388418.55928102,S. America
21,Uruguay,2883391.0,1518193.0,960578.0,759150.0,440883.0,216951.0,27693.0,20570.0,17585.0,9438.0,13512.0,29097.0,29846.0,84218.0,35731.0,57877.0,67579.0,41862.0,31154.0,52710.0,24617.0,12147.7608756504,8770.1529854232,3065.8104053892,4469.3554439142,4478.6320523658,1185.0595026102,2390.48949838901,3869.88457993338,2291.1304854312,5152.711983993,33928.0659838764,6636.5919049626,6297.37046568,218156.41224022408,S. America
22,Argentina,16707029.0,9904107.0,1681567.0,6119855.0,8499337.0,3681905.0,4154732.0,707165.0,673881.0,481076.0,209766.0,252344.0,547497.0,9020229.0,3427527.0,5806214.0,10207117.0,777828.0,343630.0,258193.0,236082.0,514645.55776087,239467.035263135,186641.754843676,153550.182191855,110777.099770991,122298.287673568,110045.836326441,110881.644001596,28799.7860618118,50385.119030064,84705.716417805,111936.638128405,386553.830134223,2526699.1025766013,S. America
23,Iceland,36499.0,26589.0,23563.0,15040.0,6370.0,3238.0,8817.0,15101.0,1196.0,3694.0,3959.0,4557.0,18882.0,9562.0,2518.0,51428.0,39961.0,18585.0,8223.0,728.0,107.0,110.2311,3578.278978071,381.4489895328,229.1530403862,487.110128589,7060.9470273972,1440.38123110834,4471.43940013263,1237.8176503056,360.5136785586,11091.9673998504,10055.3190819606,2833.3848241062,10057.499780294076,Europe
24,Sweden,675721.0,905093.0,909198.0,750382.0,623174.0,821680.0,965147.0,941020.0,708915.0,756002.0,1224902.0,1108214.0,824352.0,893558.0,1051767.0,892149.0,813103.0,788355.0,689700.0,612554.0,515978.0,487131.055963335,338701.140774423,208826.078538697,331705.988045069,312454.056102628,338030.810904818,294095.31655014,302225.727663276,348112.8361163,306935.46659475,257246.012288929,615415.28589193,312557.663856753,644835.3364497367,Europe
25,Norway,153451.0,108319.0,81616.0,70512.0,190115.0,72987.0,90307.0,82211.0,168063.0,164303.0,275278.0,331113.0,275075.0,263065.0,246341.0,318054.0,299964.0,285650.0,403672.0,17635.0,37380.0,53005.5858706542,62093.6122791474,220654.079496232,302311.513355859,390035.442169611,246709.567083874,83593.4320120822,886828.873838199,966902.900486582,611469.217762238,177024.917440539,314030.837912828,406146.398883271,254585.8052526799,Europe
26,Finland,174301.0,231304.0,176184.0,149358.0,136132.0,141571.0,253335.0,217380.0,378837.0,513889.0,359140.0,261321.0,362671.0,498097.0,708190.0,1253429.0,1274320.0,1363504.0,1868844.0,1488723.0,1249949.0,1480224.34000757,1165336.38849219,931455.064878811,790129.784168235,1034789.4103818,960439.164174152,720017.399884641,897872.81145619,762131.010692936,847395.413599493,851477.390282081,608370.367568783,229741.739496549,715878.2142671598,Europe
27,Denmark,247924.0,342096.0,272972.0,345127.0,262856.0,267813.0,316548.0,346406.0,472198.0,433784.0,368513.0,448148.0,586085.0,519972.0,501554.0,505672.0,820216.0,2121148.0,1144429.0,336667.0,168323.0,329149.898371501,261951.189313855,204822.944650384,190364.432373965,175607.389366517,201008.526846196,199623.671434608,218151.679447911,203927.543818488,269513.890010089,881073.501242647,388488.355956364,307260.203006106,431158.6537011362,Europe
28,United Kingdom,7083218.0,8442648.0,8813379.0,11295110.0,17627546.0,19323781.0,22379063.0,18766596.0,15938081.0,15418194.0,14283163.0,17714498.0,18330789.0,18599504.0,15919170.0,14417882.0,9331650.0,5162637.0,4006209.0,3007160.0,2517646.0,2707434.34838386,2713608.78449711,2949632.33622143,3135519.88061949,3951374.73399173,3239434.88409454,3729166.73382227,3480212.43809048,3613931.69471279,3918446.70152264,3681537.42880025,3904374.16079733,4190561.50800589,9223328.224516466,Europe
29,Ireland,2175076.0,2013569.0,1496737.0,1283169.0,1311528.0,804900.0,1546303.0,891946.0,929494.0,880041.0,948865.0,962120.0,1092827.0,997231.0,719463.0,415979.0,481224.0,517214.0,391231.0,284001.0,165120.0,136013.930961791,213183.875700167,290194.976762057,210651.589109871,169292.082757631,154531.210101307,155281.419032598,176897.413614221,128631.090824032,100271.422711492,209038.774957702,251934.449132734,83346.5076504732,664332.5512740022,Europe
30,Netherlands,1950071.0,1798040.0,1625839.0,1726639.0,1703392.0,1938519.0,1936866.0,1986119.0,2757403.0,2673432.0,2092609.0,2724136.0,2791886.0,3272964.0,3486887.0,2850020.0,3295045.0,3519170.0,3121492.0,3023358.0,2293880.0,2663935.78482851,2502783.86205312,2205219.16816576,2394874.69772176,2548141.83951815,2537909.72342044,2830942.43344896,2886969.27634017,3155941.96529243,2884167.73212267,2710778.03441676,3109427.61045701,2311045.2552763,2567938.364207707,Europe
31,Belgium,5157549.0,4411711.0,4069326.0,5824696.0,6690476.0,8488679.0,6182801.0,4411887.0,4434945.0,5148761.0,7569700.0,9241468.0,8947221.0,11611872.0,8975401.0,8179472.0,6746318.0,6217490.0,5624776.0,3745761.0,2545306.0,4061061.79986171,3317669.17117145,3158483.3067062,3070181.42190511,3326358.59839494,3915049.37505232,4310847.92503547,4268537.68899034,3755932.2771565,3806074.03964848,3114321.17772293,3790288.02503741,2974073.29820884,5326308.650143873,Europe
32,Luxembourg,22686.0,425.0,2795.0,1745.0,4407.0,110.0,382.0,596.0,1190.0,373.0,7337.0,7101.0,12141.0,7023.0,10232.0,7853.0,10235.0,11407.0,13476.0,12418.0,6378.0,8747.6085208512,17149.4355291966,22897.1760933006,18801.5353840188,17053.6680722898,11405.9776637898,31013.2781379666,24728.1651501444,23534.6405604408,27991.6443891378,17330.486142627,4839.5379331782,37778.4636600294,11870.047565793266,Europe
33,Monaco,31497.0,774.0,367.0,55403.0,1531.0,1068.0,305.0,1426.0,39170.0,2041.0,306.0,6350.0,98.0,9187.0,181.0,13.0,12788.0,212.0,86.0,4037.0,849.0,191.376621954,2673.0089353296,623.2514895684,102.6183197718,1551.2441303394,786.3807307608,489.075549102,1933.4786266908,14.2885961064,1426.8174692814,207.7532155566,1388.932803909,3919.6499238036,5382.261070946288,Europe
34,France,11030783.0,10935290.0,8523985.0,9006293.0,6592864.0,7381081.0,6802013.0,6441083.0,7705802.0,7568731.0,7242423.0,8914083.0,8968277.0,7997112.0,6734311.0,6361142.0,4997741.0,5314417.0,4811446.0,4363127.0,2666814.0,2890717.53335059,2715797.6901878,3048150.10074058,2864616.17661808,2643177.72215618,2629588.94582511,2307598.6174721,2359223.72118395,2658538.97555345,2835455.9941636,2479317.55264926,3351125.25139504,2712091.4838294,5466300.5225036815,Europe
35,"Germany, Fed. Republic",8061692.0,6422929.0,6584855.0,8401105.0,17939355.0,9990123.0,6730830.0,6646894.0,8487049.0,9135979.0,10177366.0,12606810.0,11192720.0,11809007.0,12678974.0,11832958.0,13079822.0,10729549.0,11968770.0,10942351.0,7528573.0,9861302.08410657,11464375.194878,11044577.2282812,12697103.7909985,13240296.7227982,12859891.2527287,12259463.7812504,14185524.2888805,13755544.7878784,15737993.6382848,12844600.4202492,14716803.5372566,12647275.3976664,11184190.091919338,Europe
36,Austria,671980.0,556580.0,400758.0,639545.0,897752.0,842250.0,963139.0,943159.0,1554704.0,922983.0,858893.0,936184.0,700111.0,548495.0,491622.0,598368.0,423123.0,438584.0,445450.0,637233.0,350738.0,554790.133525635,519849.780076507,343067.274934448,503478.491676287,732275.484727639,856804.933199918,927412.398925214,633993.720942693,724441.855829202,860125.467835809,413829.549763862,567849.557406902,478428.736330843,674647.0113286753,Europe
37,Hungary,5788272.0,4650569.0,2766734.0,3306404.0,2734822.0,3797451.0,3741022.0,4095048.0,3998021.0,4680566.0,2147461.0,2054174.0,1788673.0,1371429.0,2464529.0,3927413.0,4386543.0,5017983.0,5200316.0,3134659.0,665025.0,699113.391509131,836338.321335523,692626.237701817,375130.632167991,486351.505812917,367643.208069484,387415.065312673,288666.020017183,524649.062934738,482035.810538243,466909.208508632,713202.489607054,532424.366574005,2310871.156473217,Europe
38,Switzerland,3132487.0,1526127.0,3294027.0,1714347.0,4349632.0,3283120.0,1896716.0,2485424.0,2033623.0,2186865.0,3175200.0,2981333.0,1968153.0,2392582.0,3095959.0,4207403.0,2722675.0,3377312.0,2176776.0,1869785.0,1031320.0,1203946.93271288,1332066.44474967,880563.335177181,780593.719926397,1028136.00139976,1036869.53693653,960859.167363721,1673887.34806363,1705551.90707164,2407277.16452955,1516443.34070644,1703635.55681465,3396645.54988683,2191980.6472158493,Europe
39,Poland,4912616.0,6552661.0,4317927.0,4749117.0,3419740.0,3190308.0,2366648.0,1400892.0,1210468.0,1175792.0,1262151.0,1273228.0,1020520.0,1603475.0,2447236.0,1902220.0,1061775.0,1196873.0,934591.0,894733.0,1246603.0,1037529.81262751,851341.888702406,1341493.42429495,2066904.57415347,1033984.67352734,1518307.77784735,1465233.43829099,1641277.66494474,1494350.18805192,1713072.99574808,1263329.40535552,1444740.83582046,1048781.33513536,1942938.8827794143,Europe
40,Spain,6924109.0,6270384.0,5728806.0,10167582.0,15636565.0,14515186.0,26009584.0,19656599.0,15058782.0,17471393.0,14635604.0,15583371.0,11117064.0,10429387.0,8920359.0,9706250.0,8533171.0,7729619.0,6652636.0,4251366.0,2715137.0,2680355.0601335,3165492.1622636,3710570.26986292,3667801.72323136,4162283.0694114,4239726.31408433,4113629.25271432,4003684.52145568,4603533.9133025,4024688.57086251,3648122.88123005,4977590.2424293,3688537.30647547,8482322.626101675,Europe
41,Portugal,30829143.0,29646987.0,22730655.0,26753436.0,29086713.0,33346853.0,35380681.0,35761325.0,41655245.0,45987753.0,51566625.0,57091005.0,55450968.0,57233337.0,54867563.0,47507610.0,40186332.0,36426951.0,30610289.0,24535033.0,17338456.0,19492493.9201968,16624034.4917439,15773472.7548332,18051129.8254092,18338943.3187806,19764896.6236373,20716515.4022736,23980779.2455681,24881821.5320645,26028773.2796338,21960287.7002447,31876069.7369785,25593380.4058635,31972810.53638905,Europe
42,Malta and Gozo,133930.0,372612.0,952513.0,857241.0,604702.0,34345.0,58819.0,40726.0,47962.0,73304.0,43630.0,49494.0,340792.0,1320616.0,3284315.0,2087408.0,536649.0,640719.0,319318.0,192646.0,214777.0,166060.463833933,126511.832228796,119201.20889389,52794.8572972464,37395.1314823842,15694.9765092792,24333.8843808697,36872.9793781224,56797.1668773936,82815.3284508774,131153.970953641,66183.5176642962,122350.945070038,389549.5371476697,Europe
43,Italy,14864328.0,13474553.0,12553969.0,16905158.0,23710275.0,27264437.0,27394455.0,31413936.0,34897978.0,36147927.0,39831453.0,48710619.0,43663913.0,46626071.0,44281125.0,42535447.0,38887992.0,36689019.0,39601784.0,30533481.0,20587911.0,24983386.9058502,19999205.1866801,18572522.8935762,19574148.3738484,20657899.2423688,19982685.4110357,18487175.8305912,17866369.1011365,18350283.9677625,20324644.8186613,17637668.6507855,24866392.4653763,23715241.8262719,27517454.57864543,Europe
44,Greece,9085352.0,11567763.0,5379110.0,4581318.0,2630356.0,2371926.0,2530880.0,1357843.0,1281505.0,1089388.0,1038542.0,1138281.0,1116186.0,824163.0,857987.0,735904.0,546220.0,848790.0,1117835.0,931786.0,961390.0,794337.994860997,524825.885524097,303057.985137327,272548.726799152,188407.978058639,245636.265161536,566150.561276959,601362.740497058,497804.670324146,902229.169256377,295581.881993252,287251.092535453,257144.672429455,1697907.7830545425,Europe
45,Romania,5202566.0,2937438.0,1023685.0,1385118.0,2249348.0,4630837.0,3952303.0,3071092.0,4386071.0,6339388.0,6063751.0,7162230.0,7457842.0,6521251.0,4590580.0,3222338.0,2539817.0,2695012.0,1815020.0,1489885.0,789701.0,879885.66325493,1077303.32647929,1573032.76935971,1600496.51877465,1507331.52664703,1407064.1862341,1479458.79077998,1520018.34879422,1325303.76764652,1223783.88469248,811549.04516585,992672.867479003,828233.615643361,2816217.862086798,Europe
46,Bulgaria,47238.0,8279.0,383714.0,1826674.0,4517455.0,4035313.0,3568295.0,2580373.0,4314405.0,5045503.0,5281816.0,7294168.0,11878294.0,16096041.0,25229016.0,23305298.0,8896863.0,5248529.0,3140962.0,2259955.0,968362.0,801994.412054291,669162.918867698,623835.254293789,574341.501196436,637494.994541034,780174.750254584,1446504.26852998,1092060.96534049,1098678.31359652,884956.662247266,795114.231905473,1183665.83846702,1167495.37371448,4343589.190735561,Europe
47,Turkey,62623031.0,48101159.0,44840087.0,67087479.0,83512889.0,125680834.0,111075476.0,105116286.0,127517354.0,157795639.0,195952788.0,226583200.0,229376453.0,277340581.0,260021590.0,217485614.0,197272708.0,154842731.0,129292754.0,86904991.0,61121950.0,69778031.3991883,55340355.0626111,67293935.3404795,72227642.2815088,78281563.1160755,82408032.7818842,96218612.8707796,112889492.277804,113136928.592575,124364779.094944,145837663.320699,197259509.680983,164134928.992725,127903443.20036048,Europe
48,Cyprus,638759.0,940165.0,349980.0,69040.0,180840.0,87860.0,71518.0,763617.0,856631.0,189758.0,78834.0,102624.0,165017.0,41322.0,109632.0,70093.0,144350.0,100143.0,87724.0,72786.0,59271.0,55942.2574559226,22781.1305232378,17098.0574748732,2953.9769861196,4587.7266697248,4506.93080082,2452.08784792435,7069.77374917212,4485.9134779074,2927.7437480172,192.622233384,164.820847653,61.459349805,156034.95591660473,Europe
49,Syria,90664.0,865334.0,921236.0,373451.0,687320.0,841141.0,1826492.0,1459883.0,683578.0,1473752.0,3311642.0,5689449.0,7916314.0,6734965.0,7184392.0,4862124.0,2854236.0,2528517.0,2279742.0,957202.0,748154.0,639576.096641004,725351.653283683,589969.519587718,62275.3732217862,13528.7806298148,6153.962009202,8341.1390557782,2053.9997998758,2194.592072211,8091.1516761054,7052.0176469106,17291.1102709338,3202.2130140756,1658078.517909091,Asia
50,Lebanon,397084.0,909051.0,916724.0,1912119.0,636085.0,239997.0,246180.0,41900.0,371421.0,1223253.0,758684.0,670485.0,470890.0,347740.0,1526384.0,2264765.0,1208807.0,1185880.0,1016745.0,159787.0,6919.0,4816.2562430094,11976.6859563078,16242.4932806682,57136.1372102304,112397.782660002,35099.0996813226,212561.614917507,45231.7077377668,62068.1017161366,22301.89001334,23266.7443748754,7577.6094525096,17548.740413694,504091.9077546285,Asia
51,Israel,13089651.0,15601803.0,14896617.0,20297528.0,25639543.0,29964271.0,31891533.0,27332186.0,24988792.0,31303138.0,36883221.0,42143688.0,45478019.0,46181331.0,51753386.0,44543981.0,34705190.0,29478384.0,25039523.0,24721357.0,19573950.0,17266135.9855314,13416073.4791634,10334466.4560336,8855287.19393662,8902975.56885044,6785700.23216537,6716167.90930946,6479485.57979619,6336276.57894253,6075785.97419081,8141750.83086233,8073354.90425267,5876644.83625392,22022564.633214373,Asia
52,Jordan,544235.0,1481544.0,195363.0,2226946.0,2172266.0,3510720.0,3295342.0,2786645.0,600540.0,560924.0,425593.0,3715861.0,22096716.0,48721300.0,68878474.0,110995494.0,125014134.0,135344465.0,118388383.0,89297266.0,67083454.0,60881799.6515296,47887584.3822523,50875536.9448417,53600927.5251671,51699719.4762887,50880651.5578711,47605417.6857498,51557743.6144991,57342451.9875347,71436096.6280241,62895364.4949562,56422533.6103739,66736643.5608615,45210533.41529264,Asia
53,Kuwait,192200.0,190517.0,1798.0,395830.0,7297038.0,3483056.0,812485.0,873166.0,642632.0,1057848.0,2461058.0,3779028.0,3967711.0,7465527.0,9446057.0,8551627.0,4065886.0,827705.0,3194.0,1892.0,3102.0,3404.7031355316,5986.7573037804,9828.924685083,835.8905884014,2367.7410999312,2806.785839214,338.3865489312,5092.8690630384,901.0684741338,897.3464108112,907.3348917066,270.563337261,1499.3453442996,1633955.7269624155,Asia
54,Saudi Arabia,281061.0,1715.0,6197.0,66754.0,469556.0,748040.0,1635638.0,1860837.0,2419716.0,5070697.0,8429982.0,12208286.0,11555449.0,6144597.0,1125230.0,2086311.0,819083.0,908917.0,1151054.0,1116029.0,864602.0,1275877.85694105,661343.888094296,1804544.93518307,1240555.36203062,271633.762592552,47531.3740808634,100014.247302006,87709.4823536906,55281.032234253,25352.8064334216,936767.766060882,832278.843702293,88029.695555109,1952843.29566365,Asia
55,Qatar,598075.0,1911476.0,2830075.0,7298423.0,6793522.0,8686649.0,8665711.0,12193524.0,13682049.0,15742174.0,16133517.0,18284584.0,18472430.0,16050634.0,14435519.0,11135668.0,6164265.0,2875394.0,666723.0,407.0,2778.0,519.0218115768,26763.5652155928,424.6119608976,317.1375202464,23067.6991957566,179.472765465,205.957425661393,988.826980239,7653.2220346302,13552.4554040862,1828.076971644,79.1247654288,180.5327477226,5373510.491317616,Asia
56,United Arab Emirates,9205360.0,12849048.0,13030998.0,33817176.0,45797343.0,32905421.0,32148098.0,31789868.0,30143432.0,28783038.0,35244280.0,41050057.0,41527648.0,41109713.0,42486389.0,44452096.0,45883522.0,36464868.0,22990935.0,16565014.0,10082160.0,9853727.30803426,7561946.58962668,5893507.24278552,7813384.38349942,6668500.62273381,7835406.34913002,4708769.26633916,1236923.35410762,1596287.39294329,2432125.52523021,2764561.35867947,5082082.19371806,5735863.7142345,21103222.03826653,Asia
57,Oman,948038.0,4094916.0,5760515.0,12008840.0,10444103.0,15164587.0,17459929.0,17694599.0,19355203.0,21702867.0,21826211.0,21626121.0,21256026.0,22413909.0,25825686.0,24818478.0,9565615.0,2920679.0,1130906.0,116616.0,65178.0,400592.768451939,274705.576404109,377531.179366055,434579.186811836,350484.274587787,216764.64501925,1503116.47480397,5962006.51296899,6231016.315564,8554.9726188108,2.0802813192,41374.9131326244,284536.757740271,8596596.695816204,Asia
58,Bahrain,2217268.0,4143756.0,2899148.0,5456359.0,8523174.0,11295646.0,12395654.0,10790941.0,10504847.0,12308751.0,14345696.0,33795942.0,40037161.0,45619967.0,37400545.0,38679331.0,27901903.0,17836250.0,20818023.0,27055515.0,23599956.0,22964394.6589477,19099993.9379277,17783809.6610549,15586274.657014,20169826.1221034,20841137.4451101,21155826.5301883,16095064.4544109,15512558.3073133,13024826.4691163,10040465.0353647,10962949.6439012,10739576.8889295,18282427.553275943,Asia
59,Afghanistan,33742.0,43554.0,27113.0,17159.0,55938.0,1960.0,822.0,696.0,6479.0,1790.0,3847.0,727.0,4.0,793.0,18519.0,17542.0,12644.0,15961.0,12063.0,9197.0,9868.0,7656.590476584,6703.4267845902,61785.3734951418,12393.7894155978,9836.3249397504,34443.7987198914,18172.2433945821,15236.6694214579,16079.4500197338,20210.2601819328,23317.5443773104,28418.5824467076,29397.6486835038,16884.40301049365,Asia
60,India,118189675.0,130189104.0,160283032.0,213291531.0,246243493.0,255536732.0,274251589.0,316909070.0,348407110.0,354392776.0,356820155.0,367701990.0,351428207.0,445347702.0,448457150.0,510889190.0,635554489.0,728290308.0,757286320.0,744687614.0,701018401.0,788252302.698718,687902266.769278,709190450.837116,752471213.618754,776556406.922533,871469019.579795,906316693.085008,954928532.922086,1004949069.41147,1057638713.89983,990659526.118329,1406955323.78284,1254625688.91222,606679142.5458229,Asia
61,Pakistan,105321784.0,131029410.0,144496961.0,177376283.0,190891175.0,207808072.0,236946497.0,255580522.0,324069329.0,399403043.0,422348968.0,541966613.0,563565544.0,653459325.0,708662265.0,780806000.0,951580095.0,1062716822.0,1003788047.0,931327126.0,861342994.0,925986697.519676,766688088.258094,720502172.874779,737498658.705701,732593396.229601,752707305.850186,707977793.633445,697771597.428951,721715206.139648,778152364.164514,766353358.768104,1049959276.73079,972636505.921844,617206744.0360392,Asia
62,Nepal,4284940.0,3897219.0,4200930.0,7441221.0,11072315.0,13485233.0,9525742.0,13320663.0,13232057.0,16114061.0,20173601.0,24141740.0,21919939.0,19774155.0,23916174.0,17971394.0,9768728.0,8476025.0,4896148.0,2266378.0,1113639.0,1277179.17453929,1260543.83018456,1309425.89966444,1305992.16827104,1391481.14852502,1186666.86340939,942619.730474017,855504.178395034,743616.798623546,676284.201549067,480630.383634379,531298.896901744,848337.328428194,7758878.900076462,Asia
63,Bangladesh,45112388.0,53975909.0,54836151.0,84656489.0,96533498.0,118189027.0,136496144.0,138758847.0,178004680.0,201339728.0,218787461.0,247243092.0,256436895.0,264408085.0,259824665.0,271989428.0,363298406.0,471013125.0,510465422.0,560124211.0,560584468.0,628189429.946289,537171551.263048,535183222.233821,599814357.07831,564743125.964164,641082391.393009,644778614.205127,636000619.893684,687742651.919323,738685620.618523,688935062.85216,958652998.842991,1045938100.72552,411735172.52752846,Asia
64,Sri Lanka,38145158.0,42525411.0,46325977.0,59639355.0,82583147.0,80334017.0,82485862.0,84709555.0,88604465.0,96530403.0,96620456.0,100885912.0,104983446.0,104403320.0,102275154.0,122039214.0,135370904.0,140232471.0,139786041.0,123202548.0,95187223.0,89768420.4056668,79228124.5745368,77051433.9423558,89508733.9471513,94033982.586643,99312753.5602783,93141176.203447,92354648.1270713,91895631.010286,96646592.9447821,72035599.1264852,87782070.572312,90591118.323715,91771186.0095509,Asia
65,Thailand,65375543.0,58393993.0,67776119.0,98123546.0,108421531.0,107579829.0,104575528.0,94436052.0,112291068.0,143733817.0,154598571.0,173370607.0,159231394.0,195166863.0,184121378.0,197010039.0,205941187.0,204009890.0,194044590.0,181183751.0,129150031.0,133693960.60983,97246820.8161308,75997373.1609976,78995402.5238443,70897259.235853,63882350.0761337,56544673.1430808,51674800.5752886,57205762.1946453,54435679.207607,50668927.3813569,51612907.4457138,54387208.5062623,112817013.29049248,Asia
66,Laos,64.0,1894.0,184846.0,641356.0,971419.0,1460745.0,1216202.0,1942785.0,1657159.0,2675536.0,1589216.0,1265637.0,406807.0,266252.0,518337.0,248656.0,187474.0,823141.0,1303695.0,5777770.0,3355795.0,5235002.36637206,4657497.76127398,1391947.47149323,733028.952436099,623396.099984792,832971.154094163,729028.276265199,570004.098513461,544383.91534212,613444.220885223,390594.54224545,442503.253713957,600648.235443837,1289977.539648929,Asia
67,Malaysia,40056056.0,40917635.0,46873050.0,54265759.0,64243631.0,63023178.0,58944197.0,53085491.0,50249656.0,59250278.0,71080716.0,71831256.0,68570020.0,83312259.0,83857505.0,78237106.0,74271273.0,79899565.0,72969400.0,62538739.0,37918575.0,36603434.0243606,33247916.9192444,32412544.1842049,33900027.7057795,37008143.6596225,38676544.8845809,32559496.2923792,30319235.6068054,30421754.9895089,30389304.6104424,18339182.1161604,16168908.901845,18079148.6719678,50103558.457850054,Asia
68,Singapore,36774448.0,33078312.0,34172653.0,36814807.0,32485756.0,31465519.0,28729727.0,22673006.0,22086687.0,26214278.0,30783379.0,29730656.0,28110914.0,33256216.0,29815301.0,25005568.0,15732478.0,12926037.0,9869361.0,7106981.0,2125698.0,1018916.36258526,574114.060045033,491262.711598071,637762.066859358,317866.390987207,709912.587532466,680698.947693792,330281.424115549,266817.096730775,405451.709263339,105430.404640453,113920.756040587,154575.285565718,15728376.229519345,Asia
69,Indonesia,67035736.0,66930876.0,68434615.0,95181925.0,117131344.0,113807150.0,123980441.0,138390553.0,170791100.0,175891272.0,161271725.0,172558985.0,184705643.0,193833921.0,194003165.0,193639816.0,256052714.0,346616873.0,342794253.0,342070012.0,329743286.0,380960794.573438,352378798.252303,336227434.446412,333989767.815674,305499828.308726,303291630.050505,280149032.739711,268266462.26695,263452951.95585,251327219.245668,217238039.756318,273429708.55527,286023333.694587,226679423.7253357,Asia
70,Brunei,788371.0,902731.0,1724766.0,2034180.0,3198731.0,3558814.0,4843854.0,6286236.0,7097944.0,10112940.0,15971788.0,21667337.0,25803362.0,25577982.0,29329731.0,30246290.0,21172619.0,14351721.0,12471354.0,8515677.0,4725651.0,446998.052259448,239876.728987883,169594.712321882,216222.288386114,214851.921365453,289929.492432959,242051.243126616,226978.811464282,154558.977315397,272635.799888277,252915.769154601,204907.400853196,297998.259038663,7459164.660488081,Asia
71,Philippines,63634227.0,77208827.0,70607050.0,79502319.0,94938349.0,103499279.0,114756380.0,108849495.0,108884235.0,123548924.0,133816931.0,130464877.0,129501215.0,148222389.0,153182607.0,142371168.0,167473842.0,189308393.0,147229461.0,109217282.0,75547747.0,71522807.6287095,66282618.3328563,58069896.9558628,54354561.4387575,49261318.0542725,49855721.2349307,41640250.1260775,35994449.0281968,35495350.7840527,32146778.0647327,27134322.447828,30533985.7632339,34194465.1909797,89948574.17795561,Asia
72,Macao (Macau),27805749.0,27928655.0,26059755.0,34427113.0,31940942.0,44329258.0,48028652.0,47425005.0,52854562.0,62888803.0,63453415.0,65942832.0,69660455.0,75883858.0,82792589.0,89669572.0,102423843.0,108364388.0,110655874.0,88733410.0,12545022.0,5716665.27986997,3095811.29553115,2380758.89261247,1438379.52955308,790171.613563752,848601.63019805,603094.687281009,545800.823999034,479410.555699593,1861004.80261064,5289613.04845419,7519489.61604944,7965082.99825176,38598459.90510806,Asia
73,China (Mainland),342634739.0,362211666.0,372218732.0,432826761.0,461894649.0,437205195.0,386999399.0,357812941.0,423574331.0,392243419.0,411551129.0,417299061.0,422335429.0,645901979.0,840775748.0,982278850.0,1852453710.0,2234646909.0,2641761873.0,2578543620.0,2765618264.0,3310700597.95135,2748174928.7257,2660784805.24468,2780762877.00248,2680196021.0973,2810225596.04899,2755109196.59914,2796979809.79375,2927389020.66207,2673702566.94879,2209304724.62603,2766401159.47994,2065455711.79865,1616116924.1170256,Asia
74,South Korea,103851251.0,94847939.0,85933884.0,85895307.0,93668701.0,86104253.0,75397295.0,66144591.0,70148679.0,93703177.0,103018010.0,112650574.0,120591360.0,139532569.0,142050186.0,159084793.0,151787947.0,140312435.0,113879907.0,103623610.0,84261680.0,85823095.3755666,68853680.6215599,68582636.0124503,66471624.264808,69418154.7911309,68214108.6839383,66194455.5623797,61265608.4037011,63187768.136554,62194754.290552,62371120.5242591,66088558.026085,62885957.0188199,91118813.81505308,Asia
75,Hong Kong,329255135.0,324650479.0,330174725.0,359034878.0,339070929.0,365249729.0,331499100.0,310094156.0,302867533.0,344203884.0,330757990.0,321282088.0,312478867.0,303367963.0,258611940.0,256403758.0,276241378.0,251533974.0,194610257.0,140912950.0,22510009.0,16630874.19371,12512095.1226881,9419839.35906569,12058673.1312912,9841292.85348402,13458706.3963472,12573116.2472818,10708095.3405402,9494302.55246764,5338367.30894194,10034895.6875217,4634099.35400726,2605910.05023334,180415352.6352229,Asia
76,China (Taiwan),181530946.0,180525127.0,193003417.0,184156214.0,183472656.0,160376483.0,141046937.0,139368258.0,140023754.0,146040373.0,154207212.0,147089844.0,142346568.0,149934250.0,129581561.0,118678642.0,100425870.0,102537958.0,96065442.0,69292206.0,42468267.0,40881791.1945095,33183269.5530887,31839186.6805438,27628232.6752149,26335825.1255784,26769674.8609519,23056302.479639,21166088.6633273,17720769.8691058,16127388.9292145,14630953.4454306,16917315.5471037,14311235.1186116,94492353.50418589,Asia
77,Japan,24671436.0,23679497.0,22747922.0,28646595.0,26666041.0,22487466.0,14748732.0,13622765.0,14515207.0,13791283.0,15338220.0,16592140.0,22247335.0,30751876.0,39260569.0,46008030.0,21757250.0,19897808.0,19845364.0,17701619.0,12458680.0,13875119.6969564,13758179.4943725,13365129.4717012,12989553.0887747,15502665.0991576,16007415.1392008,15015073.9244185,14984013.3338219,14096849.3028386,12898894.3724457,9728012.50441956,11661613.0411954,10891626.9665052,18888528.836347297,Asia
78,Australia,2255824.0,4104209.0,7385709.0,7991475.0,14642403.0,15337675.0,14472133.0,7146344.0,8095983.0,11543760.0,11644340.0,15328944.0,26175952.0,25895786.0,23561621.0,23980800.0,12483767.0,4558447.0,918777.0,1145582.0,834555.0,721486.7822641,528201.776454711,300813.914954032,229250.376652122,534084.392926766,318108.968191413,264948.594578594,308336.448745394,455704.414066377,507698.389070271,409048.103399922,247843.410130953,367971.874219555,7196987.748401594,Australia & Oceania
79,New Zealand,298743.0,145940.0,50787.0,56176.0,211731.0,142551.0,237239.0,219306.0,134350.0,123763.0,162820.0,187545.0,179207.0,301696.0,497989.0,759587.0,335189.0,103498.0,85759.0,80841.0,71107.0,118748.578612457,81604.5260180976,185324.888928325,142681.000663593,159444.416140002,118117.7403572,139531.750607106,149994.752883443,180688.812252593,181947.754811365,116760.861434398,106245.958472753,143810.373839567,182668.39455943825,Australia & Oceania
80,French Polynesia,2166.0,610.0,371.0,348.0,1189.0,194.0,2084.0,1421.0,837.0,640.0,887.0,278.0,441.0,5839.0,161.0,472.0,576.0,260.0,95.0,184.0,1.0,621.7598423232,417.5496747828,176.642030817,222.0709126734,24.469099578,566.4749773536,366.530340243584,132.043630068,16183.3256354322,406.5957899136,870.5573875026,141.789161619,0.488323773,1152.4793178258824,Australia & Oceania
81,Fiji,723528.0,2180377.0,4390074.0,5116013.0,6790165.0,7163417.0,7840140.0,6653583.0,6677581.0,7776663.0,8224569.0,11343354.0,12709630.0,13041509.0,12635926.0,13389057.0,2689264.0,506695.0,146811.0,1976.0,271.0,1232.5058340588,5872.8861523962,5427.0368473104,4113.0523729134,9203.2613390466,5814.5985922626,1916.90957424905,2704.97938754921,5326.9732435122,14561.850184812,7085.5605297162,8119.7147587374,17528.1488032896,3826162.072871172,Australia & Oceania
82,Morocco,3667508.0,5449190.0,4721347.0,6267776.0,12908183.0,10154198.0,9128175.0,7050057.0,8255189.0,15363756.0,10793778.0,13315263.0,13154496.0,9149023.0,7488062.0,5822601.0,2882860.0,3366920.0,2735105.0,2761986.0,1688265.0,1624744.83493922,1684481.87627672,2145978.41171176,3693732.91577388,3310277.04582721,2617129.21528364,4901997.28503937,3413314.13690108,3252600.1106516,3629406.8141908,2875632.55634804,5603033.25766117,5058580.64453383,5880430.797209951,Africa
83,Tunisia,1101279.0,1409352.0,1431376.0,2877309.0,3523552.0,1230161.0,6048949.0,2278911.0,1582765.0,798523.0,964305.0,1441554.0,1326062.0,1448827.0,1303184.0,1508213.0,1315336.0,1285040.0,1477792.0,1515679.0,1249422.0,1627990.35951618,1785147.90031168,2211092.20577569,1533511.72771705,1390161.37294955,1390269.67456438,1201984.90580952,1284728.50209813,1603634.93686237,1647818.69627393,1242510.82757298,1828607.4841659,3285446.14463048,1739720.4628896422,Africa
84,Egypt,30803144.0,28572560.0,44967662.0,38690831.0,49739062.0,64609004.0,70431302.0,51471619.0,70003833.0,84428318.0,72643760.0,88829424.0,93748325.0,94621997.0,110596654.0,106655790.0,102883754.0,127361510.0,132914098.0,133823781.0,121209143.0,130668231.94473,108008972.396764,99750651.6932958,95050177.2099896,87675416.3855267,85558654.2065791,71332533.6945818,77060706.8041623,83040821.4970893,88334362.8164211,67302810.6962631,103653218.218156,109728724.495261,86063848.61937705,Africa
85,Cameroon,6945.0,7030.0,1237.0,9352.0,19794.0,24192.0,120281.0,46888.0,124661.0,594147.0,206108.0,143412.0,82610.0,72534.0,26331.0,4060.0,24347.0,7599.0,16314.0,40180.0,49751.0,50879.7255348396,67387.273022853,119496.361482628,60264.6455220642,52322.7471962832,54067.2030759294,2191.61146717452,50543.3071993319,80874.9879382116,58493.3183867088,29713.2264336852,16184.4449220216,5003.6987170044,66917.51620290398,Africa
86,Senegal,5454.0,56825.0,125180.0,316742.0,394589.0,11373.0,161306.0,225612.0,151758.0,105913.0,41727.0,56262.0,31077.0,65742.0,25632.0,5590.0,4929.0,8687.0,4584.0,7988.0,7893.0,30663.5018503968,14336.823314961,8049.327351219,5838.9850185156,20615.842507113,6627.5417111904,10550.4064147944,6027.18693069899,12569.1163893918,62234.6507669754,54403.7421516246,51278.9054172696,46867.008595617,63086.05995352258,Africa
87,Mali,912.0,22781.0,37986.0,37906.0,85154.0,109099.0,103712.0,107816.0,82534.0,76025.0,63356.0,91436.0,52108.0,66002.0,44518.0,58883.0,46396.0,15380.0,15013.0,52009.0,60767.0,16211.2110172614,46812.964491909,44981.646725925,22067.1897030774,26872.3589020488,28497.438909639,85154.3367122826,75879.3764018455,64068.808747482,54950.0629155786,20076.0293463786,59739.4013853546,23788.5082952958,52908.59804570818,Africa
88,Guinea,117.0,101.0,1818.0,2583.0,1778.0,55326.0,14605.0,3360.0,2974.0,3583.0,3834.0,6143.0,3358.0,2954.0,4342.0,4233.0,2784.0,4953.0,5539.0,6302.0,7416.0,6624.0169615368,5484.5743950396,2270.2000246254,2723.098388094,505.1192447826,637.7665003542,1009.266030801,619.057236054218,1079.6710752954,1046.4322098636,1851.4036361016,3058.4425586652,2072.8433654964,4914.261518432648,Africa
89,Sierra Leone,231.0,3342.0,32.0,1526.0,2687.0,6700.0,9826.0,312.0,257.0,288.0,49689.0,21982.0,2198.0,1388.0,24825.0,13443.0,3300.0,22412.0,15302.0,1056.0,935.0,523.6519587012,113199.306277894,2952.0754996446,337.4451753372,3364.1863719534,885.6588277404,791.642918680288,1844.37052533212,23837.0886843012,1142.756995212,2711.2809527874,2641.1032048212,40198.5072122886,11063.5316060204,Africa
90,Ivory Coast,23893.0,58595.0,533553.0,842781.0,1269337.0,289404.0,179734.0,100031.0,73916.0,68646.0,98599.0,51343.0,33292.0,30083.0,11304.0,3622.0,3031.0,6361.0,4926.0,2531.0,4502.0,42236.4908742588,9387.3629288628,4071.7066714632,2848.4937600588,1704.1635465876,27161.309007252,38768.441391641,44572.37459999,16689.360018807,30900.5778613266,2783.0660906538,5332.547409777,11265.4435934754,115506.03934571042,Africa
91,Ghana,2603.0,7107.0,18985.0,55852.0,175693.0,308290.0,315055.0,127443.0,227766.0,707522.0,429805.0,120674.0,76695.0,310110.0,2105135.0,2990109.0,2009257.0,1441119.0,1032013.0,125371.0,38608.0,80221.6096276266,114244.520213641,130826.429601714,266453.735562441,583202.436327038,583442.128562895,133103.893025381,243942.858406811,316664.351926877,394177.521036701,402729.551146528,543773.185223663,620040.755469832,501118.6757685632,Africa
92,The Gambia,5264.0,5153.0,16956.0,27041.0,67018.0,29725.0,24573.0,7482.0,11724.0,12596.0,14077.0,43832.0,25316.0,21384.0,11137.0,15338.0,5548.0,4993.0,7252.0,16344.0,35739.0,7215.8814681534,1058.8971426516,1522.6918503552,325.697626548,1443.21169986,10598.7381224382,10378.6385827572,13501.2510739764,16601.1343533,22307.7695197518,727.696118205,223.3132171704,664.4781414306,14560.629379899936,Africa
93,Niger,942.0,442.0,465.0,1080.0,56940.0,71249.0,46082.0,24639.0,4839.0,20.0,736.0,1398.0,283.0,52.0,2627.0,869.0,120.0,35658.0,1108.0,933.0,1.0,1483.265272356,155.452306464,193.8177998946,8.3524309092,24.8161070808,208.7801284842,327.795324381,767.1824414604,113.9203144548,388.7720824302,184.4113392072,136.6023474396,61.8008457528,7486.410845303376,Africa
94,Togo,896.0,292.0,104649.0,635.0,227123.0,306621.0,95870.0,40604.0,28825.0,60528.0,7574.0,1352.0,613.0,1633.0,30492.0,1519.0,17048.0,3237.0,4385.0,1829.0,1564.0,5757.1560637416,2075.3438477688,2241.5264904312,1401.9574902228,461.9974998492,5558.2583738346,4780.648952163,9038.76642614478,5588.6911963848,8567.0153664858,5036.6880192258,16232.2054121052,4247.5252759632,29655.199423950613,Africa
95,Nigeria,2431245.0,3550719.0,1974461.0,986636.0,48628.0,398737.0,910703.0,898754.0,1180050.0,2176882.0,318034.0,247616.0,160224.0,45436.0,287147.0,344109.0,38605.0,18928.0,11730.0,35783.0,8374.0,13143.7065803274,12444.1434230022,18937.741560885,6941.1533794722,6163.688801466,21816.2466197676,25236.9792019517,114146.776541732,142645.502060611,145340.345351767,119070.635526234,166844.926764016,81691.3133882118,498447.7693882189,Africa
96,Burkina Faso,646.0,15454.0,1767.0,824.0,743.0,2367.0,725.0,3699.0,22746.0,4045.0,4773.0,5210.0,3328.0,34534.0,397.0,17970.0,1078.0,689.0,227.0,693.0,2519.0,3507.014571921,1153.0230380172,1000.2575043846,12103.5967854354,2038.656953529,1400.6408899644,5434.1015585094,13275.2352106962,21425.0044788486,6083.7245159796,140.708896839,993.7219024656,64330.7923573056,7568.249372467519,Africa
97,Kenya,187268.0,444548.0,1244888.0,1713171.0,5149996.0,7669930.0,6315665.0,4827699.0,5976671.0,6788811.0,8050675.0,8722450.0,13060767.0,19309554.0,29585493.0,43422989.0,44214879.0,41031819.0,35167327.0,34507696.0,27553941.0,28589661.8264414,27598019.3803255,25350465.3305488,25180396.0475474,28944091.8294267,27938104.4117128,26876170.909458,24715087.0128144,29720083.0126941,35154197.3403741,28724088.535826,31142673.9682905,30821100.9174541,21050011.103615113,Africa
98,Tanzania,582461.0,1318582.0,1064186.0,275753.0,659605.0,953244.0,674647.0,845132.0,1497778.0,1516494.0,506597.0,162041.0,366439.0,197293.0,1129701.0,1089814.0,1362411.0,1241105.0,851345.0,416832.0,251832.0,266122.529687826,494677.775795616,639257.170070005,811381.415188844,1659220.22192405,1669711.59098677,2920733.00355023,3875569.12760246,4273897.83338919,5446217.90859218,4760035.25894187,6084433.2133268,8229342.35294477,1708643.864764724,AfricaAfrica
99,Mauritius,14298390.0,13726706.0,10165255.0,12661509.0,18485324.0,20078228.0,18837188.0,15734885.0,18638691.0,24089899.0,23440185.0,23687128.0,25178044.0,32005299.0,32237806.0,25490119.0,17393494.0,11399252.0,10486769.0,8243525.0,9812549.0,10282758.5708584,10302353.1023824,8949657.34775117,10471439.0446054,13762445.7132998,13013657.8604577,11717428.3094714,8901399.00711023,8708976.94872541,8620698.7001177,5151229.97226871,3954691.15149604,4255538.89769743,14828897.636065936,Africa
100,Madagascar (Malagasy),359256.0,363252.0,231753.0,371375.0,614775.0,382077.0,848574.0,1139922.0,2120633.0,2892265.0,5177795.0,9488515.0,17841177.0,10073257.0,24987574.0,45487609.0,43470021.0,36259864.0,43061415.0,35104375.0,24802424.0,6882998.94852454,3865917.34288454,4094139.48537909,3592839.38312609,2769557.00788063,5439391.57060369,9354626.20105892,14682548.6075815,17630841.83726,22098720.4741216,20784564.7083114,29562373.3465854,28330998.8257699,13946100.75703198,Africa
101,Republic of South Africa,17748.0,10.0,117934.0,4691477.0,6066034.0,7550580.0,9726135.0,10008512.0,12957980.0,12719546.0,16719086.0,24331792.0,31146854.0,28933775.0,44540556.0,24169733.0,11419564.0,7231201.0,2923536.0,2043659.0,1947255.0,1082442.19013019,142153.59467455,202519.666697733,430521.300033842,499050.848562462,288679.437366856,208015.992237157,238084.085443554,124792.930122752,181459.669137541,117697.676531488,289067.462523353,208319.026501807,7743405.025881272,Africa
102,Botswana,280340.0,3880.0,272717.0,623.0,9.0,378740.0,699644.0,1334061.0,1440291.0,1994772.0,2031023.0,1484980.0,511214.0,1224065.0,1398360.0,2479537.0,4189002.0,4602496.0,3194208.0,1955061.0,1633729.0,1353300.75427569,1599681.80291917,549503.874800295,202883.086068088,379013.211152402,251432.381966648,127051.932666956,26542.7299502209,223.3740647376,1.9936396746,1.9936396746,5.7157029972,11.3321980044,1047011.946560134,Africa
103,Swaziland,935481.0,1410480.0,984147.0,1370703.0,1658850.0,2893501.0,1856834.0,1982162.0,2707408.0,2904997.0,4168318.0,5097595.0,8247341.0,16186579.0,21132125.0,24757089.0,21080650.0,21281083.0,20628049.0,17118809.0,12269400.0,10337717.0818854,6799211.10575299,5523245.98502301,3210435.33392638,3326797.85477794,408684.32357387,131450.471643096,44941.5098462563,70205.3888554494,189.2504844972,177650.02411952,346303.613512924,186947.817224843,6506922.963547829,Africa
104,Zimbabwe,937532.0,1068503.0,1744235.0,1441328.0,4783697.0,5355524.0,2887420.0,633789.0,1276293.0,2453785.0,2844927.0,3913345.0,2811465.0,1432621.0,762915.0,522942.0,378859.0,320679.0,125729.0,17768.0,9512.0,8803.7884623528,5924.2011545304,10134.8704417464,5548.931059077,8575.3151069292,10410.7438315566,7447.00750607353,9704.49587073114,9310.4610837966,10096.3124848152,6288.952116573,8745.7689842544,20702.5020091512,1054251.8044150465,Africa
105,Malawi,729498.0,810292.0,1390185.0,2491789.0,2695206.0,3001637.0,1654047.0,551249.0,39248.0,38367.0,243434.0,1399777.0,1903862.0,1773564.0,4000448.0,3696384.0,2912146.0,2882591.0,2854835.0,1274057.0,533143.0,181318.184654683,151629.891393506,6399.862240149,46390.973385645,99098.0525556504,106657.698748104,22854.9887785927,30.940767459,42604.8832104588,53329.4948873736,1761.376133034,30281.6763114264,33188.6390720094,1107391.3430040614,Africa
106,Lesotho,2746607.0,4243567.0,5368560.0,10346491.0,12274800.0,13567208.0,12558292.0,13906608.0,18051101.0,19507957.0,22708322.0,27590696.0,40216612.0,53588630.0,68043845.0,76898989.0,65328261.0,65828418.0,66428825.0,58093464.0,44977808.0,44154370.2952042,39588148.6546503,33522696.5848368,33454504.0434251,28821156.9079875,29255853.4748271,26923629.1279581,26322217.9491475,28258405.9737071,23367734.9569678,22117017.4061424,23082267.5579539,18630839.5220918,31758055.983967632,Africa
